,title,company,salary,location,hiringStatus,postedDate
0,Software Engineer,Microsoft,"$125,000.00
            -
            $150,000.00",United States,"Actively Hiring
           +4Â benefits",2023-01-30
1,Software Engineer,Federal Bureau of Investigation (FBI),,Washington DC-Baltimore Area,Actively Hiring,2023-01-26
2,Frontend Software Engineer,Apple,,"Cupertino, CA",Actively Hiring,2023-01-28
3,Jr Software Engineer -Jonsson Cancer Center,UCLA Health,,"Los Angeles, CA",Actively Hiring,2023-01-09
4,Software Engineer-Sunnyvale,Alibaba Group,,"Sunnyvale, CA",Actively Hiring,2023-01-28
5,Software Engineer in Test,Microsoft,,United States,Actively Hiring,2023-01-24
6,Software Engineer,Federal Bureau of Investigation (FBI),,Huntsville-Decatur-Albertville Area,Actively Hiring,2023-01-26
7,Software Engineer - Early Career,Lockheed Martin,,"Littleton, CO",Be an early applicant,2023-01-31
8,Software Engineer - Early Career,Lockheed Martin,,"Fort Worth, TX",Be an early applicant,2023-01-31
9,Software Development Engineer,Apple,,"San Diego, CA",Actively Hiring,2023-01-28
10,Software Engineer (Remote),The Home Depot,,"Atlanta, GA",Actively Hiring,2023-01-27
11,"Software Engineer, Fintech (Remote)",Hopper,,United States,Actively Hiring,2023-01-27
12,Software Developer,Thirdera,,United States,Be an early applicant,2023-02-03
13,Software Engineer,Project Canary,,"Denver, CO",Actively Hiring,2023-01-24
14,Software Engineer,GitKraken,,"Scottsdale, AZ",Actively Hiring,2023-01-29
15,Software Engineer,Lockheed Martin,,"Littleton, CO",Be an early applicant,2023-02-01
16,Software Engineer - Live,The New York Times,,"New York, NY",Actively Hiring,2023-01-24
17,Software Engineer - Early Career,Lockheed Martin,,"Rockville, MD",Actively Hiring,2023-01-26
18,"Junior Software Engineer, Remote",LINQ,,"Wilmington, NC",Actively Hiring,2023-01-23
19,System Software Engineer,Apple,,"Cupertino, CA",Actively Hiring,2023-01-25
20,"Software Engineer, Fintech (Remote)",Hopper,,United States,Actively Hiring,2023-01-27
21,Software Engineer,ServiceNow,,"Santa Clara, CA",Actively Hiring,2023-02-01
22,Junior Software Engineer,NextPhase.ai,"$60,000.00
            -
            $90,000.00","San Francisco, CA",Actively Hiring,2023-01-31
23,Full Stack Software Engineer,Literati,,"Austin, TX",Be an early applicant,2023-02-01
24,Software Engineer - Early Career,Lockheed Martin,,"Cape Canaveral, FL",Be an early applicant,2023-02-03
25,Software Development Engineer,AMD,"$104,000.00
            -
            $156,000.00","San Jose, CA",Actively Hiring,2023-01-25
26,Software Engineer (2023 Intern),Anyscale,,"San Francisco, CA",Actively Hiring,2023-01-30
27,Software Engineer,ServiceNow,,"Santa Clara, CA",Actively Hiring,2023-02-01
28,"Software Engineer, Full Stack",Flexport,,"Bellevue, WA",Actively Hiring,2023-01-25
29,"Full Stack Software Engineer, Vehicle Software",Tesla,,"Palo Alto, CA",Actively Hiring,2023-01-27
30,Software Engineer,Listella,,"Miami, FL",Be an early applicant,2023-01-24
31,Software Engineer,Citi,,"New York, NY",Actively Hiring,2023-01-25
32,"Graduate Software Engineer- Up to $150,000 + Bonus + Package",Hunter Bond,,"Boston, MA",Actively Hiring,2023-01-30
33,Software Engineer (C++),Engage Partners Inc.,"$140,000.00
            -
            $210,000.00","New York, NY","Actively Hiring
           +4Â benefits",2023-01-24
34,Junior Software Engineer,VanderHouwen,"$90,000.00
            -
            $105,000.00","Beaverton, OR",Actively Hiring,2023-01-31
35,"Software Engineer, Intern",IXL Learning,,"San Mateo, CA",Actively Hiring,2023-01-25
36,Software Engineer,Federal Bureau of Investigation (FBI),,"Winchester, VA",Actively Hiring,2023-01-26
37,Software Engineer,ServiceNow,,"Santa Clara, CA",Actively Hiring,2023-02-01
38,Software Engineer - Tesla Bot,Tesla,,"Palo Alto, CA",Actively Hiring,2023-01-31
39,"Software Engineer, Front End",Google,,"Boulder, CO",Actively Hiring,2023-01-27
40,Software Engineer - Early Career,Lockheed Martin,,"Mt. Laurel, NJ",Be an early applicant,2023-01-25
41,Software Engineer - Early Career,Lockheed Martin,,"Fort Worth, TX",Be an early applicant,2023-01-31
42,Software Engineer - Early Career,Lockheed Martin,,"Colorado Springs, CO",Be an early applicant,2023-01-25
43,Software Engineer,OSARO,,"San Francisco, CA",Actively Hiring,2023-01-31
44,Software Developer - Frontend,Miovision,,United States,Actively Hiring,2023-01-09
45,Software Engineer,Project Canary,"$120,000.00
            -
            $150,000.00","Denver, CO",Actively Hiring,2023-01-24
46,Software Engineer,ServiceNow,,"San Diego, CA",Actively Hiring,2023-02-01
47,Data Science and Visualization Software Engineer,Apple,,"Cupertino, CA",Actively Hiring,2023-01-24
48,Software Engineer - Intern,Lockheed Martin,,"Mt. Laurel, NJ",Actively Hiring,2023-01-25
49,Software Engineer,ServiceNow,,"San Diego, CA",Actively Hiring,2023-02-01
50,Software Developer,AERMOR,,"San Diego, CA",Be an early applicant,2023-02-01
51,Software Engineer,ServiceNow,,"San Diego, CA",Actively Hiring,2023-02-01
52,Software Developer,Business Made Simple,,"Nashville, TN",Be an early applicant,2023-01-27
53,Software Engineer,maven,,Greater Chicago Area,Actively Hiring,2023-02-01
54,Software Engineer,ServiceNow,,"San Diego, CA",Actively Hiring,2023-02-01
55,Software Developer,Business Made Simple,,"Nashville, TN",Be an early applicant,2023-01-27
56,Software Engineer (100% Remote),Zora,,United States,Be an early applicant,2023-01-31
57,Software Engineer,maven,,Greater Chicago Area,Actively Hiring,2023-02-01
58,Software Engineer,Sigma Defense Systems LLC,,"Patuxent River, MD",Be an early applicant,2023-02-02
59,Junior Software Engineer,Finys,,Detroit Metropolitan Area,"Actively Hiring
           +4Â benefits",2023-01-27
60,Software Engineer,ServiceNow,,"San Diego, CA",Actively Hiring,2023-02-01
61,"Software Engineer - Undergrad New College Grad - Austin, TX",Visa,,"Austin, TX",Actively Hiring,2023-01-25
62,Junior Software Engineer,Photonics Industries Inc,,"Ronkonkoma, NY",Actively Hiring,2023-01-22
63,Software Engineer (Remote-Eligible),Capital One,,"Wilmington, DE",Be an early applicant,2023-01-31
64,Software Engineer,Lockheed Martin,,"Littleton, CO",Be an early applicant,2023-01-26
65,Software Engineer - Intern,Lockheed Martin,,"Orlando, FL",Actively Hiring,2023-01-26
66,Software Engineer,Evertz,,United States,Be an early applicant,2023-01-09
67,Entry Level Software Developer,Robert Half,"$47.50
            -
            $55.00","League City, TX",Be an early applicant,2023-01-27
68,Software Engineer,Logik.io,,"Highland Park, IL",Be an early applicant,2023-02-01
69,Software Engineer II - Back-End,StubHub,,"New York, NY",Actively Hiring,2023-01-28
70,Software Engineer,ServiceNow,,"San Diego, CA",Actively Hiring,2023-02-01
71,Software Engineer,ServiceNow,,"San Diego, CA",Actively Hiring,2023-02-01
72,Jr. Software Web Developer,Edgesource Corporation,,"Sierra Vista, AZ",Be an early applicant,2023-01-27
73,Software Engineer,ServiceNow,,"San Diego, CA",Actively Hiring,2023-02-01
74,Software Engineer,Sigma Defense Systems LLC,,"Seattle, WA",Be an early applicant,2023-01-30
75,Software Engineer,Signify Technology,"$220,000.00
            -
            $260,000.00","New York, United States","Actively Hiring
           +4Â benefits",2023-01-30
76,Software Engineer,Xperti,,"Chicago, IL",Actively Hiring,2023-01-23
77,Assoc Software Engineer,ServiceNow,,"Santa Clara, CA",Actively Hiring,2023-02-01
78,Software Engineer (Remote),Hunter Bond,,United States,Actively Hiring,2023-01-30
79,Software Engineer,Sigma Defense Systems LLC,,"Jacksonville, FL",Be an early applicant,2023-01-30
80,"Software Engineer, Web/Fullstack","ActiveSoft, Inc",,"Palo Alto, CA",Actively Hiring,2023-01-23
81,Software Engineer,HST Pathways,,"Irvine, CA",Be an early applicant,2023-01-31
82,Software Engineer,Synergis,"$60.00
            -
            $66.00",United States,"Actively Hiring
           +3Â benefits",2023-02-01
83,Software Engineer,Curate Partners,,"Arlington, VA",Actively Hiring,2023-01-24
84,"Software Engineer, Edge Platforms",The New York Times,,"New York, NY",Actively Hiring,2023-01-24
85,Software Engineer - Embedded Systems,Apple,,"Cupertino, CA",Actively Hiring,2023-01-22
86,"Software Engineer - New College Grad - Undergrad - Foster City, CA",Visa,,"Foster City, CA",Actively Hiring,2023-01-25
87,Software Engineer,SR Technologies (SRT Group),,"Sunrise, FL",Be an early applicant,2023-01-28
88,Software Engineer I - II,StickerGiant,"$105,000.00
            -
            $125,000.00","Longmont, CO",Actively Hiring,2023-01-27
89,Associate Software Engineer,"Lowe's Companies, Inc.",,"Charlotte, NC",Actively Hiring,2023-01-31
90,Software Engineer,Sigma Defense Systems LLC,,"College Park, MD",Be an early applicant,2023-01-30
91,"Software Engineer, Identity",The New York Times,,"New York, NY",Actively Hiring,2023-01-24
92,Software Engineer - New Graduate,Thales,,"Irvine, CA",Actively Hiring,2023-01-30
93,Software Engineer,Goliath Partners,"$135,000.00
            -
            $180,000.00",United States,Actively Hiring,2023-01-23
94,Software Engineer,Curate Partners,,"Arlington, VA",Actively Hiring,2023-01-24
95,Entry Level Software Developer,Amentum,,"Fredericksburg, VA",Actively Hiring,2023-01-31
96,"Software Engineer, Edge Platforms",The New York Times,,"New York, NY",Actively Hiring,2023-01-24
97,Software Engineer - Embedded Systems,Apple,,"Cupertino, CA",Actively Hiring,2023-01-22
98,"Software Engineer - New College Grad - Undergrad - Foster City, CA",Visa,,"Foster City, CA",Actively Hiring,2023-01-25
99,Software Engineer I - II,StickerGiant,"$105,000.00
            -
            $125,000.00","Longmont, CO",Actively Hiring,2023-01-27
100,Associate Software Engineer,"Lowe's Companies, Inc.",,"Charlotte, NC",Actively Hiring,2023-01-31
101,"Software Engineer, Identity",The New York Times,,"New York, NY",Actively Hiring,2023-01-24
102,Software Engineer,Sigma Defense Systems LLC,,"Seattle, WA",Be an early applicant,2023-01-30
103,Software Engineer - (Intern),Nimble,,"Redwood City, CA",Be an early applicant,2023-01-20
104,Software Engineer,SR Technologies (SRT Group),,"Sunrise, FL",Be an early applicant,2023-01-28
105,Software Engineer,Goliath Partners,"$135,000.00
            -
            $180,000.00",United States,Actively Hiring,2023-01-23
106,Software Engineer,Sigma Defense Systems LLC,,"Jacksonville, FL",Be an early applicant,2023-01-30
107,"Java or Python Software Engineer - Up to $200,000 + Bonus + Package",Hunter Bond,,"Boston, MA",Actively Hiring,2023-01-25
108,Software Engineer Python / C++,maven,,"New York, NY",Actively Hiring,2023-02-01
109,Junior Software Engineer (ON-SITE IN NYC),TransPerfect,"$65,000.00
            -
            $85,000.00",New York City Metropolitan Area,Actively Hiring,2023-01-27
110,Software Engineer III (R-1281087),Walmart,,"Sunnyvale, CA",Actively Hiring,2023-01-26
111,Software Engineer,Clarity Technology Partners,"$60.00
            -
            $70.00","Seattle, WA",Actively Hiring,2023-02-01
112,Web Developer,Emergent Method,,"Baton Rouge, LA",Be an early applicant,2023-01-31
113,"Software Engineer, Growth",Notion,,"New York, NY",Actively Hiring,2023-02-02
114,Software developer,Zealogics Inc,,"Alpharetta, GA",Be an early applicant,2023-02-01
115,Software Engineer - Early Career,Lockheed Martin,,"Fort Worth, TX",Be an early applicant,2023-01-31
116,"Software Engineer, DevOps (Summer Internship!)",Advisor360Â°,,"Weston, MA",Actively Hiring,2023-01-31
117,Quantitative Software Engineer (C++ / Python),Evolve Group,"$400,000.00
            -
            $1,000,000.00","New York, United States",Actively Hiring,2023-01-30
118,Flight Software Engineer,EVONA,"$130,000.00
            -
            $160,000.00","Torrance, CA","Actively Hiring
           +5Â benefits",2023-01-25
119,Software Developer,ICSI,,"Fort Worth, TX",Be an early applicant,2023-01-31
120,"Software Engineer- Up to $200,000 + Bonus + Package",Hunter Bond,,"Boston, MA",Actively Hiring,2023-01-30
121,Alibaba Group-Software Engineer-Seattle,Alibaba Group,,"Seattle, WA",Actively Hiring,2023-01-28
122,"Software Engineer - New College Grad - Undergrad - Atlanta, GA",Visa,,"Atlanta, GA",Actively Hiring,2023-01-25
123,Software Engineer (L7) - Ads Platform Engineering,Netflix,,United States,Actively Hiring,2023-01-30
124,Software Engineer,Synergis,,United States,Actively Hiring,2023-01-27
125,Software Engineer,SOLV Energy,"$115,000.00
            -
            $135,000.00","Bend, OR","Actively Hiring
           +6Â benefits",2023-01-31
126,"Software Engineer, Mobile",Flexport,,"Bellevue, WA",Actively Hiring,2023-01-31
127,Software Engineer,Accelerant,,United States,Actively Hiring,2023-01-23
128,Internship - Jr. Software Engineer,Congruex,,"Boulder, CO",Actively Hiring,2023-01-26
129,Software Engineer,LatchBio,,"San Francisco, CA",Be an early applicant,2023-01-10
130,Software Engineer - Camera System,Cleo Robotics,,"Boston, MA",Be an early applicant,2023-01-27
131,Software Engineer (Security),Ookla,,"Seattle, WA",Be an early applicant,2023-01-27
132,React Web Developer (Remote),obÃ© Fitness,,"New York, NY",Be an early applicant,2023-01-10
133,Software Engineer,"Three Point Solutions, Inc.",,"Jacksonville, FL",Be an early applicant,2023-01-22
134,Software Engineer,Glocomms,"$120,000.00
            -
            $140,000.00","Houston, TX",Actively Hiring,2023-01-24
135,Software Engineer- Risk Real Time,Algo Capital Group,"$200,000.00
            -
            $250,000.00","New York, United States","Actively Hiring
           +8Â benefits",2023-01-31
136,Software Engineer,Ford Motor Company,,United States,Actively Hiring,2023-02-02
137,Software Engineer II - Back-End,StubHub,,"Los Angeles, CA",Actively Hiring,2023-01-28
138,Software Engineer - Core,Nasdaq Private Market,"$135,000.00
            -
            $175,000.00",New York City Metropolitan Area,"Actively Hiring
           +8Â benefits",2023-01-28
139,Software Engineer 1,Caribou Thunder LLC,,"Huntsville, AL",Be an early applicant,2023-01-31
140,Software Engineer (100% Remote),Zora,,United States,Be an early applicant,2023-01-31
141,Software Engineer (Cybersecurity),Walmart Global Tech,,"Atlanta, GA",Actively Hiring,2023-02-01
142,"Software Engineer, Data Collections",The New York Times,,"New York, NY",Be an early applicant,2023-01-24
143,"Software Engineer, ML Platform",Pinterest,,"San Francisco, CA",Actively Hiring,2023-01-24
144,Software Engineer,Wipro Technologies,,United States,Actively Hiring,2023-01-23
145,Software Engineer,Jettison,"$135,000.00
            -
            $150,000.00",United States,"Actively Hiring
           +4Â benefits",2023-01-31
146,Software Engineer II,Paychex,,"New York, NY",Actively Hiring,2023-02-01
147,"Software Engineer, Data Platform",DoorDash,,United States,Actively Hiring,2023-02-01
148,Software Engineer,Sigma Defense Systems LLC,,"College Park, MD",Be an early applicant,2023-01-30
149,Software Engineer II,Mastercard,"$100,000.00
            -
            $130,000.00",New York City Metropolitan Area,Actively Hiring,2023-01-25
150,Software Engineer (Cyber) - Intern,Lockheed Martin,,"Fort Worth, TX",Be an early applicant,2023-01-30
151,Software Developer,Sigma Defense Systems LLC,,"Patuxent River, MD",Be an early applicant,2023-01-27
152,"Software Engineer, Growth",Notion,,"San Francisco, CA",Actively Hiring,2023-02-02
153,Software Engineer,Ascendion,"$63.00
            -
            $65.00","Chicago, IL","Actively Hiring
           +3Â benefits",2023-01-23
154,Software Engineer II - Front-End (CX),StubHub,,"New York, NY",Actively Hiring,2023-01-28
155,Embedded Software Engineer,Apple,,"San Diego, CA",Actively Hiring,2023-01-27
156,Software Engineer (Cybersecurity),Walmart Global Tech,,"Reston, VA",Actively Hiring,2023-02-01
157,Software Engineer II - Back-End,StubHub,,"Irvine, CA",Actively Hiring,2023-01-28
158,"Software Engineer, Insurance (Summer Internship!)",Advisor360Â°,,"Weston, MA",Actively Hiring,2023-01-24
159,Software Developer -- Entry Level,CGI,,"Denver, CO",Actively Hiring,2023-02-02
160,Software Developer -- Entry Level,CGI,,"Tempe, AZ",Actively Hiring,2023-02-02
161,Software Engineer â€“ 2023 Early Career Foundations Program (US) - CR,Verisk,,"Jersey City, NJ",Actively Hiring,2023-01-27
162,Backend Software Engineer,Audicus,,"New York, NY",Actively Hiring,2023-01-31
163,Software Engineer II,Mastercard,,"New York, NY",Actively Hiring,2023-01-26
164,Software Engineer Risk,Algo Capital Group,"$200,000.00
            -
            $250,000.00",New York City Metropolitan Area,"Actively Hiring
           +8Â benefits",2023-01-31
165,Software Engineer - Video,Apple,,"Cupertino, CA",Actively Hiring,2023-01-31
166,Software Engineer 1,Caribou Thunder LLC,,"Huntsville, AL",Be an early applicant,2023-01-31
167,Intern - Software Engineer,Corning Incorporated,,"Corning, NY",Actively Hiring,2023-01-31
168,Senior Software Engineer,"DZone, Inc.",,United States,Be an early applicant,2023-01-10
169,Full-Stack Software Engineer,Broadway National Group,,"Hauppauge, NY",Be an early applicant,2023-02-01
170,Alibaba Group-Software Engineer-Seattle,Alibaba Group,,"Seattle, WA",Actively Hiring,2023-01-28
171,Software Engineer (Cybersecurity),Walmart Global Tech,,"Atlanta, GA",Actively Hiring,2023-02-01
172,"Software Engineer, ML Platform",Pinterest,,"San Francisco, CA",Actively Hiring,2023-01-24
173,Software Engineer,Jettison,"$135,000.00
            -
            $150,000.00",United States,"Actively Hiring
           +4Â benefits",2023-01-31
174,Software Engineer,Wipro Technologies,,United States,Actively Hiring,2023-01-23
175,Software Engineer II,Paychex,,"New York, NY",Actively Hiring,2023-02-01
176,Software Engineer,Bounce,"$150,000.00
            -
            $190,000.00",United States,Actively Hiring,2023-02-01
177,Software Engineer (Maintenance Systems) - Early Career,Lockheed Martin,,"Orlando, FL",Be an early applicant,2023-01-30
178,Junior Software Engineer,Boutique Recruiting,,"Newport Beach, CA",Actively Hiring,2023-02-02
179,"Software Engineer, Data Collections",The New York Times,,"New York, NY",Be an early applicant,2023-01-24
180,Software Engineer I,Bentley Systems,,United States,Actively Hiring,2023-01-31
181,Future Opportunity - Staff Software Engineer,Pocket Gems,,"San Francisco, CA",Be an early applicant,2023-01-23
182,Software Engineer II,Mastercard,"$100,000.00
            -
            $130,000.00",New York City Metropolitan Area,Actively Hiring,2023-01-25
183,Software Developer,Sigma Defense Systems LLC,,"Patuxent River, MD",Be an early applicant,2023-01-27
184,Software Engineer,Ascendion,"$63.00
            -
            $65.00","Chicago, IL","Actively Hiring
           +3Â benefits",2023-01-23
185,"AR/VR Software Engineer, Server Development",Apple,,"Seattle, WA",Actively Hiring,2023-01-28
186,Software Engineer 2,PayPal,,"San Jose, CA",Actively Hiring,2023-01-27
187,Software Engineer (Multiple locations and levels / RELO available),Altamira Technologies Corporation,,"State College, PA",Be an early applicant,2023-01-25
188,Software Engineer,THCO,,"Pittsburgh, PA",Actively Hiring,2023-01-31
189,Entry Level Software Engineer,"BAE Systems, Inc.",,"Wayne, NJ",Actively Hiring,2023-01-30
190,Software Engineer - Full Stack,MarketDial,,"Salt Lake City, UT","Actively Hiring
           +8Â benefits",2023-01-26
191,Software Engineer 2,PayPal,,"San Jose, CA",Actively Hiring,2023-01-27
192,Web Developer,Prometheus Group,,"Raleigh, NC",Actively Hiring,2023-01-23
193,Software Engineer-Remote,TCWGlobal (formerly TargetCW),"$68.00
            -
            $68.00",United States,Actively Hiring,2023-01-24
194,Future Opportunity - Staff Software Engineer,Pocket Gems,,"San Francisco, CA",Be an early applicant,2023-01-23
195,Software Engineer,hackajob,"$100,000.00
            -
            $180,000.00",United States,Actively Hiring,2023-02-01
196,Software Engineer (Sensor Fusion) - Early Career,Lockheed Martin,,"Fort Worth, TX",Be an early applicant,2023-01-31
197,Software Engineer,hackajob,"$100,000.00
            -
            $180,000.00",United States,Actively Hiring,2023-02-01
198,Software Engineer - Algorithms,Authentix,,"Addison, TX","Actively Hiring
           +5Â benefits",2023-02-01
199,"Java or Python Software Engineer - Up to $200,000 + Bonus + Package",Hunter Bond,,"North Carolina, United States",Actively Hiring,2023-01-25
200,Software Engineer,Signify Technology,"$125,000.00
            -
            $175,000.00","New York, United States","Actively Hiring
           +4Â benefits",2023-01-23
201,Software Engineer,PHOENIX,,United States,"Actively Hiring
           +3Â benefits",2023-01-27
202,"Software Engineer- Up to $200,000 + Bonus + Package",Hunter Bond,,"Tampa, FL",Actively Hiring,2023-01-30
203,"Software Engineer in Test, Factory Software",Tesla,,"Fremont, CA",Actively Hiring,2023-01-24
204,Embedded Software Engineer,Nokia,"$94,000.00
            -
            $175,000.00","New Jersey, United States",Actively Hiring,2023-01-31
205,Entry Level Software Engineer - Platform (Virtual),Boeing,,"Mesa, AZ",Actively Hiring,2023-01-26
206,Software Developer,Lockheed Martin,,"Cape Canaveral, FL",Be an early applicant,2023-02-03
207,Web Developer,HCLTech,,"Dallas, TX",Actively Hiring,2023-01-27
208,Software Engineer,Together,,"San Francisco, CA",Be an early applicant,2023-01-10
209,"Software Engineer, .NET (Entry Level)",Cognitiv,,"Bellevue, WA",Actively Hiring,2023-01-26
210,Python Software Engineer - Remote,TDA Creative,"$165,000.00
            -
            $185,000.00",New York City Metropolitan Area,Actively Hiring,2023-01-23
211,"Staff Software Engineer, C/C++",PlayStation,"$165,000.00
            -
            $247,000.00","San Francisco, CA",Actively Hiring,2023-01-23
212,Software Engineer,Wipro,,"Redmond, WA",Actively Hiring,2023-01-30
213,Associate Software Engineer,Martyn Bassett Associates,,"California, United States",Actively Hiring,2023-01-23
214,Software Engineer,Harmelin Media,,"Bala-Cynwyd, PA","Actively Hiring
           +5Â benefits",2023-02-01
215,Software Engineer - USTS,TikTok,"$158,080.00
            -
            $321,632.00","Seattle, WA",Actively Hiring,2023-01-26
216,Software Engineer,Compunnel Inc.,,"Irvine, CA",Actively Hiring,2023-01-23
217,Software Engineer,CoStar Group,,"Austin, TX",Actively Hiring,2023-01-26
218,Software Engineer 2,PayPal,,"San Jose, CA",Actively Hiring,2023-01-27
219,Software Engineer (Multiple locations and levels / RELO available),Altamira Technologies Corporation,,"State College, PA",Be an early applicant,2023-01-25
220,Software Engineer,THCO,,"Pittsburgh, PA",Actively Hiring,2023-01-31
221,Entry Level Software Engineer,"BAE Systems, Inc.",,"Wayne, NJ",Actively Hiring,2023-01-30
222,Software Engineer - Full Stack,MarketDial,,"Salt Lake City, UT","Actively Hiring
           +8Â benefits",2023-01-26
223,Software Engineer - Algorithms,Authentix,,"Addison, TX","Actively Hiring
           +5Â benefits",2023-02-01
224,Software Engineer,hackajob,"$100,000.00
            -
            $180,000.00",United States,Actively Hiring,2023-02-01
225,"Java or Python Software Engineer - Up to $200,000 + Bonus + Package",Hunter Bond,,"North Carolina, United States",Actively Hiring,2023-01-25
226,Software Engineer,Signify Technology,"$125,000.00
            -
            $175,000.00","New York, United States","Actively Hiring
           +4Â benefits",2023-01-23
227,Software Engineer,PHOENIX,,United States,"Actively Hiring
           +3Â benefits",2023-01-27
228,Intern - Software Engineer,Corning Incorporated,,"Corning, NY",Actively Hiring,2023-01-31
229,Software Engineer,LatchBio,,"San Francisco, CA",Be an early applicant,2023-01-10
230,"Software Engineer in Test, Factory Software",Tesla,,"Fremont, CA",Actively Hiring,2023-01-24
231,Embedded Software Engineer,Nokia,"$94,000.00
            -
            $175,000.00","New Jersey, United States",Actively Hiring,2023-01-31
232,Senior Software Engineer,"DZone, Inc.",,United States,Be an early applicant,2023-01-10
233,Software Engineer (Java),Gartner,,"Arlington, VA",Actively Hiring,2023-01-27
234,Software Engineer in Test,The Walt Disney Company,,"Emeryville, CA",Actively Hiring,2023-01-27
235,Software Engineer,Ford Motor Company,,United States,Actively Hiring,2023-02-02
236,Jr. Software Engineer,"Secure Innovations, LLC",,"Laurel, MD",Be an early applicant,2023-01-24
237,Entry Level Software Engineer - Platform (Virtual),Boeing,,"Mesa, AZ",Actively Hiring,2023-01-26
238,Web Developer,Aquent,,Greater Seattle Area,Actively Hiring,2023-02-01
239,Software Developer,"Canvas, Inc.",,"Tullahoma, TN",Be an early applicant,2023-02-03
240,Senior Software Engineer,FluentStream,,"Denver, CO",Actively Hiring,2023-02-01
241,"Software Engineer, Systematic Trading",PIMCO,,New York City Metropolitan Area,Actively Hiring,2023-01-23
242,Software Engineer,Medixâ„¢,"$42.00
            -
            $45.00","Connecticut, United States","Actively Hiring
           +4Â benefits",2023-01-25
243,"Alibaba Group-Software Engineer-Seattle, WA",Alibaba Group,,"Seattle, WA",Actively Hiring,2023-01-28
244,Entry Level Software Engineer,"BAE Systems, Inc.",,"Wayne, NJ",Actively Hiring,2023-01-31
245,Software Engineer (Math/Physics),Lockheed Martin,,"King of Prussia, PA",Be an early applicant,2023-01-26
246,Full-Stack Software Engineer,Broadway National Group,,"Hauppauge, NY",Be an early applicant,2023-02-01
247,Software Engineer,"Intelliswift Software, Inc.","$60.00
            -
            $65.00","Redmond, WA",Actively Hiring,2023-01-30
248,Nuuly Software Engineer,"URBN (Urban Outfitters, Anthropologie Group, Free People & Nuuly)",,"Philadelphia, PA",Actively Hiring,2023-01-23
249,Software Engineer,"Extension, Inc","$110,000.00
            -
            $120,000.00","Waukesha, WI",Actively Hiring,2023-01-27
250,Software Developer I/II - Full Stack/Web Developer,City of Virginia Beach,,"Virginia, United States",Be an early applicant,2023-01-28
251,Intern Software Development Engineer (Summer 2023),Zonar Systems,,"Seattle, WA",Actively Hiring,2023-02-01
252,Entry Embedded Software Engineer,Twisthink,,"Grand Rapids, MI",Actively Hiring,2023-01-23
253,Java Software Engineer - Mobile Applications,Walgreens,,"Chicago, IL",Actively Hiring,2023-02-01
254,"AR/VR Software Engineer, Server Development",Apple,,"San Diego, CA",Actively Hiring,2023-01-28
255,Software Engineer - Data,Jenius Bank,,United States,"Actively Hiring
           +7Â benefits",2023-02-02
256,Software Engineer - Equities Risk,Millennium,"$175,000.00
            -
            $250,000.00","New York, NY",Actively Hiring,2023-01-24
257,"Software Engineer, Account Ops (Summer Internship!)",Advisor360Â°,,"Weston, MA",Actively Hiring,2023-01-24
258,Software Engineer,Kodak Alaris,"$70,000.00
            -
            $130,000.00",United States,"Actively Hiring
           +7Â benefits",2023-01-31
259,Java Software Engineer,Matlen Silver,"$65.00
            -
            $73.00",New York City Metropolitan Area,Actively Hiring,2023-01-31
260,Software Engineer,Arm,,"Boston, MA",Actively Hiring,2023-01-30
261,Software Engineer,Russell Tobin,"$90.00
            -
            $99.00","Mountain View, CA","Actively Hiring
           +3Â benefits",2023-01-24
262,Software Developer,Northbound Executive Search,"$130,000.00
            -
            $170,000.00","New York, NY",Actively Hiring,2023-01-31
263,Software Engineer - Python (Future Opportunities),OfferFit,,United States,Actively Hiring,2023-01-26
264,Software Engineer â€“ Crypto,Algo Capital Group,"$200,000.00
            -
            $250,000.00",United States,"Actively Hiring
           +8Â benefits",2023-01-31
265,Software Engineer Java,Lockheed Martin,,"Colorado Springs, CO",Be an early applicant,2023-01-31
266,Software Engineer (Cybersecurity),Walmart Global Tech,,"Bentonville, AR",Actively Hiring,2023-02-01
267,Software Engineer - Up to $750K Total Comp,Hunter Bond,,"New York, United States",Actively Hiring,2023-01-26
268,Software Engineer,JetBlue,,"New York, NY",Actively Hiring,2023-02-01
269,Software Engineer,Secmation,"$110,000.00
            -
            $135,000.00","Raleigh, NC",Actively Hiring,2023-01-25
270,Software Engineer I or II,Corvid Technologies,,"Huntsville, AL",Be an early applicant,2023-01-30
271,Software Engineer,Cisco,,"Austin, TX",Actively Hiring,2023-01-27
272,Software Engineer C++,Algo Capital Group,"$200,000.00
            -
            $250,000.00","Austin, TX","Actively Hiring
           +8Â benefits",2023-01-31
273,Software Engineer Associate,Lockheed Martin,,"Littleton, CO",Be an early applicant,2023-01-10
274,Software Engineer,"Intelliswift Software, Inc.","$60.00
            -
            $65.00","Redmond, WA",Actively Hiring,2023-01-30
275,Java Software Engineer,Blu Omega,,United States,Be an early applicant,2023-01-31
276,Software Engineer,"The Brixton Group, Inc.",,Charlotte Metro,Actively Hiring,2023-01-23
277,Software Engineer,"UII America, Inc.",,"Cambridge, MA",Actively Hiring,2023-01-26
278,Software Engineer Intern,Inari Medical,,"Irvine, CA",Actively Hiring,2023-01-27
279,Software Developer - Innovations,SpringbokIT,"$100,000.00
            -
            $150,000.00",United States,Actively Hiring,2023-01-30
280,Software Engineer - USTS,TikTok,"$119,700.00
            -
            $232,560.00","Seattle, WA",Actively Hiring,2023-01-26
281,Backend Software Engineer,Audicus,,"New York, NY",Actively Hiring,2023-01-31
282,Nuuly Software Engineer,"URBN (Urban Outfitters, Anthropologie Group, Free People & Nuuly)",,"Philadelphia, PA",Actively Hiring,2023-01-23
283,Java Software Engineer - Mobile Applications,Walgreens,,"Chicago, IL",Actively Hiring,2023-02-01
284,Intern Software Development Engineer (Summer 2023),Zonar Systems,,"Seattle, WA",Actively Hiring,2023-02-01
285,Software Developer I/II - Full Stack/Web Developer,City of Virginia Beach,,"Virginia, United States",Be an early applicant,2023-01-28
286,Entry Embedded Software Engineer,Twisthink,,"Grand Rapids, MI",Actively Hiring,2023-01-23
287,Software Engineer - Data,Jenius Bank,,United States,"Actively Hiring
           +7Â benefits",2023-02-02
288,Software Engineer II - Full-Stack (CX),StubHub,,"New York, NY",Actively Hiring,2023-01-28
289,Software Engineer 1 (Analytics),Novetta,,"Annapolis Junction, MD",Be an early applicant,2023-01-31
290,Software Engineer - Equities Risk,Millennium,"$175,000.00
            -
            $250,000.00","New York, NY",Actively Hiring,2023-01-24
291,"Software Engineer, Account Ops (Summer Internship!)",Advisor360Â°,,"Weston, MA",Actively Hiring,2023-01-24
292,Software Engineer,Kodak Alaris,"$70,000.00
            -
            $130,000.00",United States,"Actively Hiring
           +7Â benefits",2023-01-31
293,Java Software Engineer,Matlen Silver,"$65.00
            -
            $73.00",New York City Metropolitan Area,Actively Hiring,2023-01-31
294,Software Engineer,Arm,,"Boston, MA",Actively Hiring,2023-01-30
295,Software Engineer,Russell Tobin,"$90.00
            -
            $99.00","Mountain View, CA","Actively Hiring
           +3Â benefits",2023-01-24
296,Software Developer,Northbound Executive Search,"$130,000.00
            -
            $170,000.00","New York, NY",Actively Hiring,2023-01-31
297,Software Engineer,Base-2 Solutions,,"Annapolis Junction, MD",Be an early applicant,2023-01-10
298,Software Engineer,Base-2 Solutions,,"Annapolis Junction, MD",Be an early applicant,2023-01-10
299,Software Engineer Staff,Lockheed Martin,,"Littleton, CO",Be an early applicant,2023-02-01
300,Software Engineer - Python (Future Opportunities),OfferFit,,United States,Actively Hiring,2023-01-26
301,Software Engineer â€“ Crypto,Algo Capital Group,"$200,000.00
            -
            $250,000.00",United States,"Actively Hiring
           +8Â benefits",2023-01-31
302,Software Engineer (Cybersecurity),Walmart Global Tech,,"Bentonville, AR",Actively Hiring,2023-02-01
303,Software Engineer Java,Lockheed Martin,,"Colorado Springs, CO",Be an early applicant,2023-01-31
304,New Grad: Software Engineer,Ciena,,"Mansfield, MA",Actively Hiring,2023-01-31
305,Software Engineer (Cybersecurity),Walmart Global Tech,,"Bentonville, AR",Actively Hiring,2023-02-01
306,Full-Stack Software Engineer,Broadway National Group,,"Hauppauge, NY",Be an early applicant,2023-02-01
307,Software Engineer,TRAX International Corporation,,"Yuma, AZ",Be an early applicant,2023-01-25
308,Software Engineer Java,Lockheed Martin,,"Colorado Springs, CO",Be an early applicant,2023-01-31
309,"Nuuly Software Engineer, Services","URBN (Urban Outfitters, Anthropologie Group, Free People & Nuuly)",,"Philadelphia, PA",Actively Hiring,2023-01-23
310,Software Development Engineer in Test,Compunnel Inc.,,"Rockville, MD",Be an early applicant,2023-02-02
311,Front End Software Engineer 1-REACT,Staples,,"Framingham, MA",Actively Hiring,2023-01-24
312,Software Engineer Internship,Sweetwater,,"Fort Wayne, IN",Actively Hiring,2023-02-03
313,Software Engineer,X4 Technology,"$150,000.00
            -
            $170,000.00",United States,Actively Hiring,2023-01-25
314,Software Engineer,UpRecruit,"$50.00
            -
            $60.00",United States,Actively Hiring,2023-01-24
315,Software Developer,VolunteerHub,,United States,"Medical insurance
           +5Â benefits",2023-01-31
316,Software Engineer - Perception and Threat Assessment - XC,Bosch USA,,"Plymouth, MI",Be an early applicant,2023-01-31
317,Software Engineer (Java),Gartner,,"Austin, TX",Actively Hiring,2023-01-27
318,"Software Development Engineer, Amazon Games",Amazon Games,,"Seattle, WA",Actively Hiring,2023-01-24
319,"(Remote) Senior Software Engineer, APAC",Hopper,,United States,Actively Hiring,2023-02-01
320,Software Engineer - Perception and Threat Assessment - XC,Bosch USA,,"Plymouth, MI",Be an early applicant,2023-01-31
321,Software Engineer Full Stack,Intel Corporation,,"Hillsboro, OR",Actively Hiring,2023-01-31
322,Software Engineer (C++) - Platform Software,Ziteo Medical,,"Pleasant Hill, CA",Actively Hiring,2023-01-26
323,Scientific Software Engineer,GAMA-1 Technologies,,"Silver Spring, MD",Be an early applicant,2023-01-23
324,Software Engineer,neteffects,"$48.00
            -
            $58.00",Greater St. Louis,"Actively Hiring
           +4Â benefits",2023-01-26
325,Software Engineer,"Discovery MachineÂ®, Inc.",,"Orlando, FL",Be an early applicant,2023-02-01
326,Software Engineer,RecoverX,,San Francisco Bay Area,"Actively Hiring
           +4Â benefits",2023-01-30
327,Java Software Engineer,Algo Capital Group,"$160,000.00
            -
            $200,000.00","Chicago, IL","Actively Hiring
           +8Â benefits",2023-01-31
328,"Software Developer, Residuals",Extreme Reach,,"Burbank, CA",Be an early applicant,2023-01-31
329,Founding Engineer / Software Engineer,Loyalist,,United States,Actively Hiring,2023-02-03
330,Software Engineer,Softworld,,"Lexington, MA",Actively Hiring,2023-01-23
331,Software Engineer,Modis,"$54.00
            -
            $57.00","San Diego, CA",Actively Hiring,2023-02-01
332,Web Developer,"Intelliswift Software, Inc.","$60.00
            -
            $80.00",United States,Actively Hiring,2023-01-27
333,Software Engineer Java,Lockheed Martin,,"Colorado Springs, CO",Be an early applicant,2023-01-31
334,Associate Software Engineer,TheHive Freelancing,,"Merrimack, NH",Be an early applicant,2023-01-27
335,Front-End Web Developer,Brandetize,"$75,000.00
            -
            $80,000.00","San Diego, CA","Actively Hiring
           +4Â benefits",2023-02-01
336,Software Engineer (Planning for Automated Driving) - XC,Bosch USA,,"Plymouth, MI",Be an early applicant,2023-01-31
337,Software Engineer,Cybernetic Search,"$80,000.00
            -
            $100,000.00",New York City Metropolitan Area,Actively Hiring,2023-01-24
338,"Software Engineer, CI/CD Platforms",The New York Times,,"New York, NY",Actively Hiring,2023-01-30
339,Software Engineer,Robert Half,"$65,000.00
            -
            $100,000.00","Peterborough, NH",Actively Hiring,2023-01-23
340,Junior Software Engineer C# .NET,DT Professional Services,,"Norco, CA",Actively Hiring,2023-01-26
341,Software Engineer II - Front-End (CX),StubHub,,"Los Angeles, CA",Actively Hiring,2023-01-28
342,"Software Engineer, Backend (FinTech)",Ventellect,,"California, United States",Actively Hiring,2023-02-02
343,Software Engineer,Lawrence Harvey,"$100,000.00
            -
            $110,000.00","Pittsburgh, PA",Actively Hiring,2023-01-23
344,Software Engineer,Ford Motor Company,,"Allen Park, MI",Actively Hiring,2023-01-26
345,Software Engineer II,Stavvy,,"Boston, MA",Actively Hiring,2023-01-23
346,Software Engineer in Test,Pixar Animation Studios,,"Emeryville, CA",Actively Hiring,2023-01-30
347,Software Developer II,The Bradford Exchange,,"Niles, IL",Be an early applicant,2023-02-02
348,Software Engineer - Javascript - SPORTS FANS,TDA Creative,"$165,000.00
            -
            $180,000.00","New York, United States",Actively Hiring,2023-01-23
349,Software Engineer - .NET,eimagine,,"Indianapolis, IN",Be an early applicant,2023-01-31
350,Software Engineer-Developer,"Lowe's Companies, Inc.",,"Charlotte, NC",Actively Hiring,2023-01-31
351,Software Engineer,Valore Partners,,Greater Phoenix Area,Actively Hiring,2023-02-01
352,"Software Engineer, Back-End (Data Engineering)",Grammarly,,"California, United States",Actively Hiring,2023-01-26
353,Web Developer,EquipmentShare,,"Kansas City, MO",Actively Hiring,2023-02-01
354,Software Engineer,Quest Groups LLC,,United States,"Actively Hiring
           +6Â benefits",2023-01-25
355,Flight Software Engineer (Space),Cluster,"$80,000.00
            -
            $110,000.00","Los Angeles, CA","Be an early applicant
           +5Â benefits",2023-01-30
356,C++ Developer,Venture Search,"$250,000.00
            -
            $400,000.00","New York, United States",Actively Hiring,2023-02-01
357,Fullstack Software Engineer,Mural,,United States,Actively Hiring,2023-02-01
358,Front-End Software Engineer,Sedaro,,United States,"Medical insurance
           +5Â benefits",2023-01-24
359,Senior Software Engineer,RentVision,,"Lincoln, NE",Be an early applicant,2023-01-28
360,Software Engineer,LPX Group,"$60.00
            -
            $65.00",Charlotte Metro,Actively Hiring,2023-01-23
361,Software Engineer - Full Stack,Notarize,,United States,Actively Hiring,2023-01-23
362,"Software Engineer, Back-End (Data Engineering)",Grammarly,,"Massachusetts, United States",Actively Hiring,2023-01-26
363,"Software Engineer (JavaScript, React, Node.js)",Travelers,,"Hartford, CT",Be an early applicant,2023-01-28
364,Software Engineer,eNGINE,"$95,000.00
            -
            $120,000.00","Pittsburgh, PA",Actively Hiring,2023-01-30
365,Flight Software Engineer (Space),Cluster,"$80,000.00
            -
            $110,000.00","Los Angeles, CA","Be an early applicant
           +5Â benefits",2023-01-30
366,Software Engineer,Paycor,,United States,Actively Hiring,2023-01-26
367,Software Engineer II,Concord Group Insurance,,"Concord, NH",Be an early applicant,2023-01-24
368,Software Systems Engineer,Space Dynamics Laboratory,,"North Logan, UT",Be an early applicant,2023-01-25
369,Software Engineer,Cisco,,"Raleigh, NC",Actively Hiring,2023-01-27
370,Software Modeling Engineer,AMD,"$69,360.00
            -
            $104,040.00","Austin, TX",Actively Hiring,2023-01-27
371,"Software Developer, Residuals",Extreme Reach,,"New York, United States",Be an early applicant,2023-01-31
372,Software Engineer,Medix Technology,"$43.00
            -
            $48.00",Dallas-Fort Worth Metroplex,Actively Hiring,2023-02-01
373,Software Engineer (Java),Gartner,,"Stamford, CT",Actively Hiring,2023-01-27
374,Test Software/Firmware Engineer,AMD,"$149,600.00
            -
            $224,400.00","San Jose, CA",Actively Hiring,2023-01-26
375,Full Stack Software Engineer (ML Platform) - Remote,Vericast,,"Boston, MA",Actively Hiring,2023-01-31
376,Software Engineer (Backend) - Remote,VeradigmÂ®,,"Washington, DC",Be an early applicant,2023-01-31
377,Senior Software Engineer,The McAlear Group,,"Maumee, OH",Be an early applicant,2023-01-27
378,"Software Engineer, Back-End (Data Engineering)",Grammarly,,"New Jersey, United States",Actively Hiring,2023-01-26
379,Junior Software Engineer,LaunchCode,,"St Louis, MO",Be an early applicant,2023-01-27
380,Software Engineer,"VTS-Group, LLC",,"Huntsville, AL",Be an early applicant,2023-01-23
381,Flight Software Engineer (Space),Cluster,"$80,000.00
            -
            $110,000.00","Los Angeles, CA","Be an early applicant
           +5Â benefits",2023-01-30
382,Full-Stack Software Engineer,Found,"$130,000.00
            -
            $200,000.00","San Francisco, CA",Be an early applicant,2023-01-10
383,"Software Engineer, Back-End (Data Engineering)",Grammarly,,"Washington, United States",Actively Hiring,2023-01-26
384,Software Development Engineer,Hasbro,,"Providence, RI",Actively Hiring,2023-02-01
385,"Front End Software Engineer (CSS, Figma)","Ursus, Inc.",,"Fremont, CA",Actively Hiring,2023-01-23
386,Entry Level Software Engineer,LaunchCode,,"Overland Park, KS",Be an early applicant,2023-01-27
387,"Software Engineer, Back-End (Data Engineering)",Grammarly,,"Washington, United States",Actively Hiring,2023-01-26
388,Software Engineer,7thonline,,"New York, NY",Be an early applicant,2023-01-24
389,Software development engineer in test (SDET),Globant,,"Austin, Texas Metropolitan Area",Actively Hiring,2023-01-30
390,Web Developer,Meridian Technologies,,"North Carolina, United States",Actively Hiring,2023-01-26
391,Software Engineer - Ratings 2023 Summer Intern,S&P Global,,"New York, NY",Actively Hiring,2023-01-27
392,Software Engineer,Revelry,,"New Orleans, LA",Be an early applicant,2023-01-26
393,"Software Engineer, Back-End (Data Engineering)",Grammarly,,"New Jersey, United States",Actively Hiring,2023-01-26
394,Software Engineer - Remote | WFH,Get It Recruit - Information Technology,,"Lititz, PA",Be an early applicant,2023-01-30
395,Entry Level Software Engineer,LaunchCode,,"Kansas City, MO",Be an early applicant,2023-01-27
396,Software Engineer - Market Data - Hedge Fund - Market Leading Compensation  - New York,Mondrian Alpha,"$140,000.00
            -
            $175,000.00","New York, United States",Actively Hiring,2023-01-24
397,Software Engineer,Modis,"$38.00
            -
            $70.00",United States,Actively Hiring,2023-01-25
398,Senior Software Engineer,MS2soft,,"Ann Arbor, MI",Be an early applicant,2023-01-23
399,Software Engineer I - Analytics,SICK Sensor Intelligence,,"Stoughton, MA",Actively Hiring,2023-01-27
400,Software Engineer Lead,Lockheed Martin,,"Fort Bragg, NC",Be an early applicant,2023-01-31
401,Software Engineer,Russell Tobin,"$95,000.00
            -
            $120,000.00",Kansas City Metropolitan Area,Be an early applicant,2023-02-01
402,Java Software Engineer (Remote),SolÃ¼ Technology Partners,"$100,000.00
            -
            $150,000.00","Pennsylvania, United States",Actively Hiring,2023-01-26
403,Software Engineer,Cymantix,"$100,000.00
            -
            $140,000.00",Raleigh-Durham-Chapel Hill Area,"Actively Hiring
           +3Â benefits",2023-01-31
404,Software Engineer I (React),Flexton Inc.,"$42.50
            -
            $50.00",San Francisco Bay Area,Actively Hiring,2023-01-30
405,Alibaba Group-Database Software Engineer-Sunnyvale,Alibaba Group,,"Sunnyvale, CA",Actively Hiring,2023-01-28
406,Entry Level Software Engineer,LaunchCode,,"O'Fallon, IL",Actively Hiring,2023-01-27
407,Software Engineer (Remote),Xator Corporation,,United States,Be an early applicant,2023-01-09
408,Application Software Engineer,SpaceX,,"Hawthorne, CA",Actively Hiring,2023-01-24
409,Junior Software Engineer,LaunchCode,,"Olathe, KS",Be an early applicant,2023-01-27
410,Web Developer/Software Engineer - 120935,Brigham Young University,,"Provo, UT",Be an early applicant,2023-01-31
411,Software Developer,"Hired by Matrix, Inc","$43.00
            -
            $47.00","Johnson City, TN",Actively Hiring,2023-01-27
412,Software Test Engineer,Vantiva,,"Norcross, GA",Be an early applicant,2023-01-31
413,Software Engineer,Insight Global,"$70.00
            -
            $95.00","Boston, MA",Actively Hiring,2023-01-29
414,Software Engineer IV (100% remote),"Spry Squared, Inc. - #1 Firmware Integrity Solution Provider",,United States,Be an early applicant,2023-01-24
415,Software Verification Engineer,CIeNET Technologies,,"Warren, MI",Be an early applicant,2023-02-01
416,"Software Engineer, Tools Application Framework (Core)",Pixar Animation Studios,"$158,185.00
            -
            $204,710.00","Emeryville, CA",Actively Hiring,2023-01-30
417,Software Engineer,L&T Technology Services,,"Syracuse, NY",Actively Hiring,2023-01-26
418,Software Engineer,Roth Staffing,"$90,000.00
            -
            $110,000.00","Windsor, CT",Actively Hiring,2023-01-30
419,Software Engineer,HealthVerity,,United States,Actively Hiring,2023-01-27
420,Software Engineer,Emergent365 Inc,"$130,000.00
            -
            $160,000.00","Whippany, NJ","Actively Hiring
           +7Â benefits",2023-02-01
421,Software Engineer,LPX Group,"$60.00
            -
            $65.00",Charlotte Metro,Actively Hiring,2023-01-23
422,Software Engineer - Full Stack,Notarize,,United States,Actively Hiring,2023-01-23
423,"Software Engineer (JavaScript, React, Node.js)",Travelers,,"Hartford, CT",Be an early applicant,2023-01-28
424,Test Software/Firmware Engineer,AMD,"$149,600.00
            -
            $224,400.00","San Jose, CA",Actively Hiring,2023-01-26
425,Software Engineer,eNGINE,"$95,000.00
            -
            $120,000.00","Pittsburgh, PA",Actively Hiring,2023-01-30
426,Flight Software Engineer (Space),Cluster,"$80,000.00
            -
            $110,000.00","Los Angeles, CA","Be an early applicant
           +5Â benefits",2023-01-30
427,Software Engineer,Paycor,,United States,Actively Hiring,2023-01-26
428,Software Engineer II,Concord Group Insurance,,"Concord, NH",Be an early applicant,2023-01-24
429,Software Engineer,MSH,"$150,000.00
            -
            $175,000.00","Miami, FL",Actively Hiring,2023-01-30
430,Software Engineer,SLB,,"Katy, TX",Actively Hiring,2023-01-31
431,Software Engineer,Aquent Studios,"$45.00
            -
            $50.00","Chicago, IL",Actively Hiring,2023-01-30
432,"Software Engineer, Automation",sweetgreen,,"Boston, MA",Actively Hiring,2023-01-26
433,Software Development Engineer - Remote,NewGig Recruiting,,"Los Angeles, CA",Be an early applicant,2023-01-28
434,Principal Software Engineer (Staff),Everyrealm Inc.,,"New York, United States",Be an early applicant,2023-01-31
435,Software Engineer,"Lowe's Companies, Inc.",,"Charlotte, NC",Be an early applicant,2023-01-31
436,Software Development Engineer in Test (SDET),Inworld AI,,United States,"Actively Hiring
           +6Â benefits",2023-01-24
437,Junior Software Engineer,LaunchCode,,"Kansas City, MO",Be an early applicant,2023-01-27
438,Linux Software Engineer,GreenSight,"$120,000.00
            -
            $160,000.00","Boston, MA","Actively Hiring
           +7Â benefits",2023-01-25
439,Software Engineer Intern - Summer,Spectrum,,"Charlotte, NC",Actively Hiring,2023-01-31
440,Software Engineer,Tandem Recruiting Group,"$160,000.00
            -
            $180,000.00",United States,Actively Hiring,2023-02-01
441,Software Developer,RAB Lighting,,United States,Be an early applicant,2023-01-09
442,Pipeline Software Engineer,Aechelon Technology,,"San Francisco, CA",Be an early applicant,2023-01-25
443,Software Engineer,Reach Velocity - Emerging Technology ðŸ‡ºðŸ‡¸ ðŸ‡¬ðŸ‡§ ðŸ‡ªðŸ‡º,,"Burlingame, CA",Actively Hiring,2023-01-24
444,Entry Level Software Engineer,Revature,,"New York, NY",Be an early applicant,2023-02-01
445,Mid - Senior Level Software Engineer,BlueVoyant,,"Maryland, United States",Be an early applicant,2023-01-26
446,Software Engineer,Study.com,,"Mountain View, CA",Actively Hiring,2023-01-25
447,Software Engineer - DevOps (Hybrid)($15k Sign on Bonus eligible),Lockheed Martin,,"Mt. Laurel, NJ",Be an early applicant,2023-01-25
448,Software Engineer,New Directions Technologies Inc.,,"Ridgecrest, CA","Be an early applicant
           +6Â benefits",2023-01-31
449,Software Engineer (Java),Gartner,,"Fort Myers, FL",Actively Hiring,2023-01-27
450,Web Developer,Meridian Technologies,,"North Carolina, United States",Actively Hiring,2023-01-26
451,Software Engineer - Ratings 2023 Summer Intern,S&P Global,,"New York, NY",Actively Hiring,2023-01-27
452,Software Engineer,Revelry,,"New Orleans, LA",Be an early applicant,2023-01-26
453,"Software Engineer, Back-End (Data Engineering)",Grammarly,,"New Jersey, United States",Actively Hiring,2023-01-26
454,Software Engineer - Remote | WFH,Get It Recruit - Information Technology,,"Lititz, PA",Be an early applicant,2023-01-30
455,Software Engineer,Atlas Health,,"Boston, MA",Be an early applicant,2023-02-01
456,Entry Level Software Engineer,LaunchCode,,"Kansas City, MO",Be an early applicant,2023-01-27
457,Software Engineer - Market Data - Hedge Fund - Market Leading Compensation  - New York,Mondrian Alpha,"$140,000.00
            -
            $175,000.00","New York, United States",Actively Hiring,2023-01-24
458,Software Engineer,Modis,"$38.00
            -
            $70.00",United States,Actively Hiring,2023-01-25
459,Senior Software Engineer,MS2soft,,"Ann Arbor, MI",Be an early applicant,2023-01-23
460,Software Engineer I - Analytics,SICK Sensor Intelligence,,"Stoughton, MA",Actively Hiring,2023-01-27
461,Software Engineer Lead,Lockheed Martin,,"Fort Bragg, NC",Be an early applicant,2023-01-31
462,Software Engineer,Russell Tobin,"$95,000.00
            -
            $120,000.00",Kansas City Metropolitan Area,Be an early applicant,2023-02-01
463,Software Engineer (Level 2),Lockheed Martin,,"Littleton, CO",Be an early applicant,2023-01-10
464,Java Software Engineer (Remote),SolÃ¼ Technology Partners,"$100,000.00
            -
            $150,000.00","Pennsylvania, United States",Actively Hiring,2023-01-26
465,Software Engineer,Cymantix,"$100,000.00
            -
            $140,000.00",Raleigh-Durham-Chapel Hill Area,"Actively Hiring
           +3Â benefits",2023-01-31
466,Software Developer,Globe Communications LLC,,"Myrtle Beach, SC",Be an early applicant,2023-01-31
467,Software QA Engineer,Evertz,,United States,Be an early applicant,2023-01-09
468,Software Engineer I (React),Flexton Inc.,"$42.50
            -
            $50.00",San Francisco Bay Area,Actively Hiring,2023-01-30
469,Software Engineer (Python),Selby Jennings,,"Austin, TX",Actively Hiring,2023-01-27
470,Software Engineer II - Machine Learning,StubHub,,"New York, NY",Actively Hiring,2023-01-28
471,Software Engineer,AltaSource Group,"$45.00
            -
            $50.00",Greater Seattle Area,"Actively Hiring
           +4Â benefits",2023-01-27
472,Software Engineer - Full Stack (Remote),DApp360 Workforce,,"Florida, United States",Be an early applicant,2023-01-10
473,Software Engineer (JoinOCI-SDE),Oracle,,United States,Actively Hiring,2023-02-01
474,Senior Software Engineer,Meta,"$70.00
            -
            $90.00","Cambridge, MA","Actively Hiring
           +6Â benefits",2023-01-30
475,Software Engineer,"Lowe's Companies, Inc.",,"Texas, United States",Actively Hiring,2023-02-02
476,Software Engineer,Aquent,,"California, United States",Actively Hiring,2023-01-31
477,Software Engineer,Robert Half,"$50.00
            -
            $53.00","Memphis, TN",Be an early applicant,2023-02-02
478,Software Engineer,Aquent Studios,"$45.00
            -
            $50.00","Chicago, IL",Actively Hiring,2023-01-30
479,Software Engineer - Backend / Infrastructure,WeRide.ai,,"San Jose, CA",Be an early applicant,2023-01-10
480,InformationTechnology - Lead Software Engineer,Pacer Staffing LLC,,United States,Be an early applicant,2023-02-01
481,Software Engineer - Data,Stealth Startup,,San Francisco Bay Area,Actively Hiring,2023-01-23
482,Entry Level Software Engineer,Revature,,"New York, NY",Actively Hiring,2023-02-01
483,Software Engineer,Akkodis,"$55.00
            -
            $60.00",United States,Actively Hiring,2023-02-01
484,Software Engineer III,Orange County's Credit Union,,"Santa Ana, CA",Be an early applicant,2023-02-01
485,Software Engineer,"Lowe's Companies, Inc.",,"Charlotte, NC",Be an early applicant,2023-01-31
486,Software Engineer-Work from home,Cigna,,United States,Actively Hiring,2023-01-31
487,Software Engineer in Test,Intelletec,"$140,000.00
            -
            $150,000.00","New York, United States",Actively Hiring,2023-02-01
488,"Software Engineer 1 (C++, Python)","INNOPLEX, LLC",,"Annapolis Junction, MD",Be an early applicant,2023-01-30
489,Software Engineer,SPECTRAFORCE,,"Chicago, IL",Be an early applicant,2023-02-01
490,Software Engineer,MSH,"$150,000.00
            -
            $175,000.00","Miami, FL",Actively Hiring,2023-01-30
491,Entry Level Software Engineer,Revature,,"New York, NY",Be an early applicant,2023-02-01
492,"Software Engineer, Automation",sweetgreen,,"Boston, MA",Actively Hiring,2023-01-26
493,Software Development Engineer - Remote,NewGig Recruiting,,"Los Angeles, CA",Be an early applicant,2023-01-28
494,Principal Software Engineer (Staff),Everyrealm Inc.,,"New York, United States",Be an early applicant,2023-01-31
495,Neo4J Software Engineer - Remote Work,BairesDev,,United States,Be an early applicant,2023-01-17
496,Software Development Engineer in Test (SDET),Inworld AI,,United States,"Actively Hiring
           +6Â benefits",2023-01-24
497,Junior Software Engineer,LaunchCode,,"Kansas City, MO",Be an early applicant,2023-01-27
498,Software Engineer,"RIT Solutions, Inc.",,"Johnston, RI",Be an early applicant,2023-01-31
499,Linux Software Engineer,GreenSight,"$120,000.00
            -
            $160,000.00","Boston, MA","Actively Hiring
           +7Â benefits",2023-01-25
500,Software Engineer Intern - Summer,Spectrum,,"Charlotte, NC",Actively Hiring,2023-01-31
501,"Software Developer, Residuals",Extreme Reach,,"Chicago, IL",Be an early applicant,2023-01-31
502,Pipeline Software Engineer,Aechelon Technology,,"San Francisco, CA",Be an early applicant,2023-01-25
503,Software Engineer,Tandem Recruiting Group,"$160,000.00
            -
            $180,000.00",United States,Actively Hiring,2023-02-01
504,Software Engineer,Reach Velocity - Emerging Technology ðŸ‡ºðŸ‡¸ ðŸ‡¬ðŸ‡§ ðŸ‡ªðŸ‡º,,"Burlingame, CA",Actively Hiring,2023-01-24
505,Entry Level Software Engineer,Revature,,"New York, NY",Be an early applicant,2023-02-01
506,Senior Software Engineer,Zift Solutions,,United States,Be an early applicant,2023-01-09
507,.NET Core Software Engineer  - Join the Tech Champions League!,Neotalent,,United States,Be an early applicant,2023-01-10
508,"Software Engineer, Backend",Project Ronin,,United States,Be an early applicant,2023-01-31
509,Mid - Senior Level Software Engineer,BlueVoyant,,"Maryland, United States",Be an early applicant,2023-01-26
510,Software Engineer,Study.com,,"Mountain View, CA",Actively Hiring,2023-01-25
511,Staff Software Engineer â€“ High Speed Bus,Axiado Corporation,,"San Jose, CA",Be an early applicant,2023-02-03
512,Software Engineer - DevOps (Hybrid)($15k Sign on Bonus eligible),Lockheed Martin,,"Mt. Laurel, NJ",Be an early applicant,2023-01-25
513,Software Engineer,New Directions Technologies Inc.,,"Ridgecrest, CA","Be an early applicant
           +6Â benefits",2023-01-31
514,Staff Software Engineer â€“ High Speed Bus,Axiado Corporation,,"San Jose, CA",Be an early applicant,2023-02-03
515,Software Engineer - DevOps (Hybrid)($15k Sign on Bonus eligible),Lockheed Martin,,"Mt. Laurel, NJ",Be an early applicant,2023-01-25
516,Software Engineer,New Directions Technologies Inc.,,"Ridgecrest, CA","Be an early applicant
           +6Â benefits",2023-01-31
517,Software Engineer - Spring-Java (Hybrid),Stefanini Group,,"Dearborn, MI",Be an early applicant,2023-01-31
518,Software Engineer (Java),Gartner,,"Fort Myers, FL",Actively Hiring,2023-01-27
519,Entry Level Software Engineer,LaunchCode,,"St Charles, MO",Be an early applicant,2023-01-27
520,Software Engineer,Robert Half,"$110,000.00
            -
            $140,000.00",United States,Actively Hiring,2023-01-27
521,Software engineer JOB,L&T Technology Services,,"Syracuse, NY",Actively Hiring,2023-01-27
522,Software Engineer,"Metron, Inc.",,"San Diego, CA",Be an early applicant,2023-01-30
523,Front End Software Engineer - New Grad,Anduril Industries,,"Lexington, MA",Actively Hiring,2023-01-30
524,Software Engineer,Kelly,"$120,000.00
            -
            $140,000.00","Irvine, CA",Actively Hiring,2023-01-23
525,Junior Software Engineer,LaunchCode,,"Maryland Heights, MO",Be an early applicant,2023-01-27
526,Junior Software Engineer,Green Expert Technology Inc. (GreenXT),,"Philadelphia, PA",Be an early applicant,2023-01-30
527,Expo - Software Developer,Maricopa County,,"Phoenix, AZ",Be an early applicant,2023-02-01
528,Software Engineer 2,PayPal,,"Chicago, IL",Actively Hiring,2023-01-30
529,Software Development Engineer II (Front-End),Expedia Group,,"Austin, TX",Actively Hiring,2023-01-31
530,Mid Software Engineer (Back End),Inceed,,"Denver, CO",Actively Hiring,2023-02-01
531,Software Engineer,Zuora,,"Atlanta, GA",Actively Hiring,2023-01-31
532,Software Engineer,"Discovery MachineÂ®, Inc.",,"State College, PA",Be an early applicant,2023-02-01
533,Software Engineer Intern (Platform Governance)- 2023 Summer (BS/ MS),TikTok,"$45.00
            -
            $45.00","Mountain View, CA",Actively Hiring,2023-01-25
534,Software Engineer,Veracity Solutions,,United States,Actively Hiring,2023-01-23
535,Software Engineer C# .NET - Junior,VSolvit,,United States,Actively Hiring,2023-01-26
536,Mid-Level Software Engineer,COBS Bread,,"Fort Wayne, IN",Be an early applicant,2023-01-10
537,Web Developer,ConsultNet,"$40.00
            -
            $50.00","Los Angeles, CA",Actively Hiring,2023-01-27
538,Software Engineer In Test,MNTN,,United States,Actively Hiring,2023-01-27
539,"Jr. Software Engineer - Houston, TX",VetJobs,,"Houston, TX",Be an early applicant,2023-01-31
540,Senior Staff Software Engineer,LinkedIn,,"Sunnyvale, CA",Actively Hiring,2023-02-01
541,Software Engineer (Front-end Development),Concourse Labs,,United States,Be an early applicant,2023-01-09
542,"Software Engineer (React, JS)",Storable,,"Texas, United States",Actively Hiring,2023-01-23
543,Entry Level Software Engineer,Revature,,"New York, NY",Be an early applicant,2023-02-01
544,Software Engineer,Volt,,"Moline, IL",Actively Hiring,2023-01-31
545,Sr Software Engineer,FIA Tech,,"New Jersey, United States",Be an early applicant,2023-01-30
546,Software Engineer,"Fast Enterprises, LLC","$86,000.00
            -
            $96,000.00","Little Rock, AR","Actively Hiring
           +7Â benefits",2023-01-25
547,Software Engineer,Insight Global,"$50.00
            -
            $70.00",United States,Actively Hiring,2023-01-24
548,"Software Engineer, Platform","Upgrade, Inc.",,United States,Actively Hiring,2023-02-01
549,Software engineer - C#.NET,TDA Creative,"$120,000.00
            -
            $180,000.00","New York, United States","Actively Hiring
           +3Â benefits",2023-01-25
550,Software Engineer,Stackup,,"Los Angeles, CA",Be an early applicant,2023-01-25
551,Software Engineer,Wilson Language Training,,"Oxford, MA",Be an early applicant,2023-01-27
552,Software Engineer - Level 3,Lockheed Martin,,"Fort Worth, TX",Be an early applicant,2023-01-31
553,Software Engineer,2bPrecise,,United States,"Actively Hiring
           +5Â benefits",2023-01-26
554,Front End Software Engineer,Equiliem,"$160,000.00
            -
            $160,000.00","Menlo Park, CA",Actively Hiring,2023-01-23
555,Software Engineer,Blue Bridge People,"$120,000.00
            -
            $140,000.00",Denver Metropolitan Area,"Actively Hiring
           +5Â benefits",2023-02-01
556,Software Engineer Level 1,Gormat,,"Annapolis Junction, MD",Be an early applicant,2023-01-27
557,TB34SWE0 - Entry Level Software Engineer - Cleared,NiSUS Technologies Corporation,,"Annapolis Junction, MD",Be an early applicant,2023-02-01
558,Software Engineer - Level 3,Lockheed Martin,,"Fort Worth, TX",Be an early applicant,2023-01-31
559,Software Developer,Alpine Investors,,"Fort Lauderdale, FL",Be an early applicant,2023-01-28
560,Software Engineer,ektello,"$60.00
            -
            $70.00","Warren, MI",Actively Hiring,2023-01-23
561,Software Engineer - Java (Remote),"VCI (VeriCheck, Inc.)",,Atlanta Metropolitan Area,Actively Hiring,2023-01-25
562,Entry Level Software Engineer,Revature,,"New York, NY",Be an early applicant,2023-02-01
563,Mid Software Engineer,Belay Technologies,,"Annapolis Junction, MD",Be an early applicant,2023-01-31
564,Software Development Engineer I,Yardi,,"Oxnard, CA",Actively Hiring,2023-01-22
565,Software Engineer,"Lowe's Companies, Inc.",,"Charlotte, NC",Actively Hiring,2023-01-31
566,Software Engineer (RCP/RSP) - Early Career,Lockheed Martin,,"Moorestown, NJ",Be an early applicant,2023-01-25
567,Software Engineer,Venator Broadcast,,New York City Metropolitan Area,Actively Hiring,2023-01-30
568,Software Engineer (All Levels),Belay Technologies,,"Annapolis Junction, MD",Be an early applicant,2023-02-01
569,Software Engineer - Orenda Software,Think Together,,"Santa Ana, CA",Be an early applicant,2023-01-21
570,Software Engineer,NextChapter,"$85,000.00
            -
            $85,000.00","Columbus, Ohio Metropolitan Area","Actively Hiring
           +7Â benefits",2023-01-31
571,Software Engineer,"Discovery MachineÂ®, Inc.",,"Seattle, WA",Be an early applicant,2023-02-01
572,Software Engineer,Real Staffing,"$140,000.00
            -
            $200,000.00","California, United States",Actively Hiring,2023-01-24
573,Entry Level Software Engineer,Revature,,"New York, United States",Be an early applicant,2023-02-01
574,Java Software Engineer,Career Movement,"$100,000.00
            -
            $130,000.00","Anaheim, CA",Actively Hiring,2023-01-26
575,Software Engineer - Backend,Wise,,"Austin, TX",Actively Hiring,2023-01-30
576,Java Software Engineer,Career Movement,"$100,000.00
            -
            $130,000.00","Anaheim, CA",Actively Hiring,2023-01-26
577,Software Engineer - Backend,Wise,,"Austin, TX",Actively Hiring,2023-01-30
578,Entry Level Software Engineer,Revature,,"Brooklyn, NY",Actively Hiring,2023-02-01
579,Software Engineer II - Full-Stack (CX),StubHub,,"Los Angeles, CA",Actively Hiring,2023-01-28
580,Software Systems Engineer,Unissant,,"Ashburn, VA",Be an early applicant,2023-01-30
581,Software Engineer,Links Technology Solutions,"$50.00
            -
            $75.00","Colorado, United States","Actively Hiring
           +4Â benefits",2023-01-31
582,"Software Engineer, Back-End (Data Engineering)",Grammarly,,"Washington, DC",Actively Hiring,2023-01-26
583,Software Engineer - Ratings 2023 Summer Intern,S&P Global,,"New York, NY",Actively Hiring,2023-01-27
584,Software Engineer,Delta Dental Ins.,,"Alpharetta, GA",Actively Hiring,2023-02-01
585,Software Engineer,Q Analysts,"$100,000.00
            -
            $140,000.00",United States,Actively Hiring,2023-01-23
586,Senior Software Engineer,Ortho2,,"Ames, IA",Be an early applicant,2023-01-23
587,Software Engineer - Full Stack (Remote),DApp360 Workforce,,"Florida, United States",Be an early applicant,2023-01-10
588,Software Engineer,"Discovery MachineÂ®, Inc.",,"New York, NY",Be an early applicant,2023-02-01
589,Entry Level Software Engineer,Revature,,"New York, NY",Be an early applicant,2023-02-01
590,Software Engineer Technical Specialist,Excelity,,"Herndon, VA",Be an early applicant,2023-01-30
591,Software Engineer Intern,HP,,"Westminster, CO",Actively Hiring,2023-02-01
592,"Software Engineer, Back-End (Data Engineering)",Grammarly,,"Colorado, United States",Actively Hiring,2023-01-26
593,Software Engineer I,Bayer,,"Creve Coeur, MO",Actively Hiring,2023-01-31
594,Software Engineer (C++),Acceler8 Talent,,San Francisco Bay Area,Actively Hiring,2023-01-30
595,React/Typescript Web Developer,Prosum,"$55.00
            -
            $67.00","California, United States",Actively Hiring,2023-02-01
596,"Associate, Software Engineer",Xerox,,"Webster, NY",Actively Hiring,2023-01-30
597,".Net Software Engineer II (Remote, US)",InComm Payments,,United States,"Actively Hiring
           +7Â benefits",2023-01-24
598,Lead Software Engineer,MS2soft,,"Ann Arbor, MI",Be an early applicant,2023-01-23
599,"Quantitative Software Engineer, Systematic Trading",PIMCO,,New York City Metropolitan Area,Actively Hiring,2023-01-23
600,Web Application Developer,Creative Circle,"$75.00
            -
            $85.00",San Francisco Bay Area,Actively Hiring,2023-01-27
601,Staff Software Engineer,Stealth Startup,"$180,000.00
            -
            $220,000.00",San Francisco Bay Area,Actively Hiring,2023-01-31
602,Software Engineer,MAFÃ‰ Resources,"$110,000.00
            -
            $150,000.00","Fort Lauderdale, FL",Be an early applicant,2023-01-25
603,"Software Engineer, Undergraduate Internship","Lowe's Companies, Inc.",,"Charlotte, NC",Actively Hiring,2023-01-31
604,Motor and Controls Software Engineer,Cluster,"$129,000.00
            -
            $172,000.00","San Carlos, CA","Be an early applicant
           +5Â benefits",2023-01-30
605,Software Engineer,FlexForce Industrial,"$80,000.00
            -
            $130,000.00","Albuquerque, NM",Actively Hiring,2023-01-25
606,"Software Engineer, Robotics and Simulation",ThoughtForge,,"Berkeley, CA",Actively Hiring,2023-01-30
607,Low-latency C++ Engineer,Charles Levick Limited,"$166,000.00
            -
            $377,000.00","New York, United States",Be an early applicant,2023-02-01
608,Software Engineer II - Front-End (CX),StubHub,,"Irvine, CA",Actively Hiring,2023-01-28
609,Software Engineer,"Lowe's Companies, Inc.",,"Charlotte, NC",Be an early applicant,2023-01-31
610,Software Engineer,Inceed,"$100,000.00
            -
            $125,000.00","Coppell, TX",Actively Hiring,2023-01-31
611,Software Development Engineer II,Expedia Group,,"Austin, TX",Actively Hiring,2023-02-01
612,Software Engineer (Backend) - Remote,VeradigmÂ®,,"Minneapolis, MN",Be an early applicant,2023-01-31
613,Sr. Software Development Engineer,AMD,"$109,440.00
            -
            $164,160.00","Boxborough, MA",Be an early applicant,2023-02-01
614,Software Engineer,The Intersect Group,"$130,000.00
            -
            $140,000.00","Arizona, United States",Actively Hiring,2023-01-25
615,Senior Software Engineer - Onsite,Grindstone,,"Columbia, MD",Be an early applicant,2023-01-25
616,Software Engineer (Backend) - Remote,VeradigmÂ®,,"Dallas, TX",Be an early applicant,2023-01-31
617,Software Engineer,Robert Half,"$90,000.00
            -
            $130,000.00","Draper, UT",Actively Hiring,2023-01-24
618,Back-End Software Engineer,Sedaro,,United States,"Medical insurance
           +5Â benefits",2023-01-24
619,Senior Software Engineer,CarMax,,Dallas-Fort Worth Metroplex,Actively Hiring,2023-02-01
620,Software Engineer - Full Stack,John Deere,,"Chicago, IL",Actively Hiring,2023-01-30
621,Software Engineer,Apex Systems,"$36.00
            -
            $40.00",Charlotte Metro,Actively Hiring,2023-01-23
622,Backend Software Engineer - Global E-Commerce Logistics,TikTok,"$112,200.00
            -
            $205,000.00","Mountain View, CA",Actively Hiring,2023-02-01
623,Software Engineer (ON-SITE),TransPerfect,"$85,000.00
            -
            $100,000.00",New York City Metropolitan Area,Actively Hiring,2023-01-27
624,Senior Software Engineer R-1275742),Walmart,,"Atlanta, GA",Actively Hiring,2023-01-26
625,"Software Engineer, WNBA",National Basketball Association (NBA),,"Secaucus, NJ",Actively Hiring,2023-01-31
626,"Senior Software Engineer, Dev Ops",LightDeck Diagnostics,,"Boulder, CO",Be an early applicant,2023-02-01
627,Software Developer,"Liberty Personnel Services, Inc.",,"Philadelphia, PA",Actively Hiring,2023-01-27
628,Junior Software Engineer,Axient,,"Albuquerque, NM",Actively Hiring,2023-01-31
629,Software Engineer,NTX Embedded,,Dallas-Fort Worth Metroplex,Actively Hiring,2023-01-20
630,Software Engineer,Digital Prospectors,,"Lexington, MA",Actively Hiring,2023-01-31
631,Senior Software Engineer (R-1215714),Walmart,,"Dallas, TX",Actively Hiring,2023-01-26
632,Software Engineer,LHH,,United States,Actively Hiring,2023-01-27
633,"Software Engineer (React JS, Java, AWS)",Torq People Solutions,,"Plano, TX",Be an early applicant,2023-01-29
634,Software Engineer,Brooksource,,United States,"Actively Hiring
           +4Â benefits",2023-01-22
635,Staff Flight Software Engineer,Cluster,"$100,000.00
            -
            $165,000.00","Broomfield, CO","Be an early applicant
           +5Â benefits",2023-01-30
636,Entry Level Software Engineer,Revature,,"Queens, NY",Be an early applicant,2023-02-01
637,"Software Engineer, Remote",LINQ,,"Atlanta, GA",Actively Hiring,2023-01-30
638,Senior Simulation Software Engineer (onsite),Lightelligence,,"Boston, MA",Be an early applicant,2023-01-28
639,Software Engineer - Java - Sports Fans,TDA Creative,"$160,000.00
            -
            $160,000.00","New York, United States",Actively Hiring,2023-01-23
640,Software Engineer,"Fast Enterprises, LLC","$86,000.00
            -
            $96,000.00","Montgomery, AL","Actively Hiring
           +7Â benefits",2023-01-27
641,Senior Java Software Engineer,TechTA LLC,,"Lehi, UT",Be an early applicant,2023-01-27
642,Entry Level Software Engineer,Revature,,"Hollywood, FL",Be an early applicant,2023-02-01
643,Software Engineer,"Discovery MachineÂ®, Inc.",,"Austin, TX",Be an early applicant,2023-02-01
644,Software Engineer,"Machyna, Inc.",,"San Diego, CA",Actively Hiring,2023-02-01
645,Python Web Developer,"Allied Consultants, Inc.",,"Austin, Texas Metropolitan Area","Actively Hiring
           +4Â benefits",2023-01-27
646,Software Engineer,The Intersect Group,"$130,000.00
            -
            $140,000.00","Arizona, United States",Actively Hiring,2023-01-25
647,Senior Software Engineer - Onsite,Grindstone,,"Columbia, MD",Be an early applicant,2023-01-25
648,Software Engineer (Backend) - Remote,VeradigmÂ®,,"Dallas, TX",Be an early applicant,2023-01-31
649,Software Engineer,Robert Half,"$90,000.00
            -
            $130,000.00","Draper, UT",Actively Hiring,2023-01-24
650,"Software Engineer, Monolith Stability",Peloton Interactive,,"New York, NY",Actively Hiring,2023-01-23
651,Software Engineer,"Lowe's Companies, Inc.",,"Charlotte, NC",Be an early applicant,2023-01-31
652,"Senior Software Engineer, Tampa FL",Blackstone Medical,,"Tampa, FL",Be an early applicant,2023-01-26
653,Software Engineer,VENHAN,,United States,Actively Hiring,2023-01-25
654,Software Engineer,Neudesic,,"Houston, TX","Actively Hiring
           +4Â benefits",2023-01-31
655,Software Engineer,Insight Global,"$110,000.00
            -
            $115,000.00","Reno, NV",Actively Hiring,2023-01-25
656,Software Engineer I (Remote),TDS Telecommunications LLC,,United States,Actively Hiring,2023-02-01
657,"Software Engineer (Java, SQL, Spring)",Optomi,,United States,Actively Hiring,2023-01-25
658,Software Engineer - Automation (Co. Antrim),TechMet Ltd.,,"Antrim, OH",Be an early applicant,2023-01-30
659,Software Engineer I,Alegeus,,"Waltham, MA",Actively Hiring,2023-01-24
660,Software Engineer II,TrueCommerce,,"Columbus, OH",Be an early applicant,2023-02-01
661,Software Engineer II,TrueCommerce,,"Pittsburgh, PA",Be an early applicant,2023-02-01
662,Software Engineer II,TrueCommerce,,"Cranberry Township, PA",Be an early applicant,2023-02-01
663,Software Engineer- UI,"Lowe's Companies, Inc.",,"Charlotte, NC",Actively Hiring,2023-01-31
664,Software Engineer,eTeam,,"Seattle, WA",Be an early applicant,2023-01-31
665,Backend Software Engineer,Productiv,,"Bellevue, WA",Actively Hiring,2023-01-27
666,Software Engineer,JoeScan,,"Vancouver, WA",Actively Hiring,2023-01-25
667,Senior Software Engineer,Stealth Startup,"$190,000.00
            -
            $240,000.00",United States,Actively Hiring,2023-02-02
668,Senior Software Engineer - Insurance,Credit Karma,,"Charlotte, NC",Actively Hiring,2023-01-25
669,Software Engineer (Clearance Required),Lockheed Martin,,"Annapolis Junction, MD",Be an early applicant,2023-01-10
670,Software Engineer,SITE Technologies,,"Chicago, IL",Actively Hiring,2023-01-26
671,Software Engineer,First Orion,,Little Rock Metropolitan Area,"Be an early applicant
           +8Â benefits",2023-02-01
672,Software Quality Assurance Engineer,Stealth,"$50,000.00
            -
            $65,000.00",United States,Actively Hiring,2023-01-31
673,Software Engineer-Mid,Avantus Federal,,"Virginia, United States",Be an early applicant,2023-01-31
674,Staff Software Engineer,Credit Karma,,"Charlotte, NC",Be an early applicant,2023-01-30
675,Software Engineer,701x,,"Fargo, ND",Actively Hiring,2023-01-30
676,Software Engineer - Backend,Fluxergy,,"Irvine, CA",Be an early applicant,2023-01-21
677,Software development engineer in test (SDET),Globant,,"O'Fallon, MO",Actively Hiring,2023-01-30
678,Software Engineer â€“ Engineer â€“ Python backend,SpiderRock Advisors,,"Chicago, IL",Actively Hiring,2023-01-23
679,Software Engineer Intern,Barracuda,,"Ann Arbor, MI",Actively Hiring,2023-01-27
680,Software Engineer,Affinity Search Partners,,Nashville Metropolitan Area,"Actively Hiring
           +4Â benefits",2023-01-31
681,Software Engineer,Underdog.io,"$92,000.00
            -
            $202,000.00","New York, United States",Be an early applicant,2023-01-30
682,Flight Software Engineer,NOVI LLC,,"Arlington, VA",Be an early applicant,2023-01-21
683,"Software Engineer, Web Infrastructure",TikTok,"$136,800.00
            -
            $205,000.00","Mountain View, CA",Actively Hiring,2023-01-27
684,Software Engineer - Full Stack,John Deere,,"Chicago, IL",Actively Hiring,2023-01-30
685,Software Engineer,Corellium,,"Delray Beach, FL",Be an early applicant,2023-01-26
686,Software Systems Development Engineer,Apple,,"San Diego, CA",Actively Hiring,2023-01-28
687,"Application Software Engineer, Data",SpaceX,,"Redmond, WA",Be an early applicant,2023-01-26
688,"Software Engineer, Web Infrastructure",TikTok,"$136,800.00
            -
            $205,000.00","Mountain View, CA",Actively Hiring,2023-01-27
689,SmartCOMM Developer/ Software Engineer,SoftSages Technology,,United States,Be an early applicant,2023-02-01
690,Software Engineer,LHH,"$100,000.00
            -
            $100,000.00",United States,Actively Hiring,2023-01-30
691,Software Engineer,JPMorgan Chase & Co.,,"New York, NY",Actively Hiring,2023-01-28
692,Software Engineer - Backend,Starmi,,"Atlanta, GA",Be an early applicant,2023-02-01
693,Web Developer,"No Limit Technology, Inc.","$90,000.00
            -
            $95,000.00","Tampa, FL",Actively Hiring,2023-01-24
694,Software Engineer,Integer Technologies LLC,"$100,000.00
            -
            $200,000.00","Columbia, South Carolina Metropolitan Area","Be an early applicant
           +6Â benefits",2023-01-31
695,Software Engineer,"Lowe's Companies, Inc.",,"Charlotte, NC",Be an early applicant,2023-01-31
696,Platform Software Engineer,Arista Networks,,"Santa Clara, CA",Actively Hiring,2023-01-30
697,Entry Level Software Engineer,Revature,,"New York, NY",Be an early applicant,2023-02-01
698,Junior Software Engineer Intern,Inspire Medical Systems,,"Golden Valley, MN",Actively Hiring,2023-01-26
699,Software Engineer,LAVORO,,"Chicago, IL",Actively Hiring,2023-01-25
700,Software Engineer (GPU Modeling),Acceler8 Talent,"$150,000.00
            -
            $250,000.00","San Jose, CA",Be an early applicant,2023-01-31
701,Senior Software Engineer (R-1215714),Walmart,,"Dallas, TX",Actively Hiring,2023-01-26
702,Java Software Engineer - 100% Remote,Beacon Hill Staffing Group,,"Appleton, WI",Actively Hiring,2023-01-30
703,Software Engineer,LHH,,United States,Actively Hiring,2023-01-27
704,"Software Engineer (React JS, Java, AWS)",Torq People Solutions,,"Plano, TX",Be an early applicant,2023-01-29
705,Software Engineer,Brooksource,,United States,"Actively Hiring
           +4Â benefits",2023-01-22
706,Staff Flight Software Engineer,Cluster,"$100,000.00
            -
            $165,000.00","Broomfield, CO","Be an early applicant
           +5Â benefits",2023-01-30
707,Software Developer,RAB Lighting,,United States,Be an early applicant,2023-01-09
708,Software Engineer,"TDI Technologies, Inc",,"Moorestown, NJ",Be an early applicant,2023-01-26
709,Software QA Engineer I,isolved,,United States,Be an early applicant,2023-02-03
710,Software Engineer,Aureon Consulting,,"Iowa, United States",Actively Hiring,2023-01-26
711,Web Application Developer,TBG | The Bachrach Group,"$160,000.00
            -
            $170,000.00","Greenwich, CT",Be an early applicant,2023-01-31
712,Jr. Software Web Developer,Edgesource Corporation,,"Sierra Vista, AZ",Be an early applicant,2023-01-27
713,Software Engineer,Quotacom,,"Dallas, TX",Actively Hiring,2023-01-23
714,Software Engineer,ACL Digital,"$55.00
            -
            $58.00","Cupertino, CA",Actively Hiring,2023-01-25
715,Jr Web Developer,OtterBase,,"Grand Rapids, MI",Actively Hiring,2023-01-23
716,Software Engineer (Level 2),Lockheed Martin,,"Littleton, CO",Be an early applicant,2023-01-10
717,Software Engineer - (Platform API),SpyCloud,,"Austin, TX",Be an early applicant,2023-01-24
718,Software Engineer,Lockheed Martin,,"Huntsville, AL",Be an early applicant,2023-02-02
719,Software Engineer: SQL Development,X4 Technology,"$100,000.00
            -
            $120,000.00","New Jersey, United States",Actively Hiring,2023-01-27
720,Software Engineer,Belay Technologies,,"Annapolis Junction, MD",Be an early applicant,2023-01-25
721,Software Engineer 2,Microsoft,,"Redmond, WA",Actively Hiring,2023-01-27
722,Software Engineer,Southeastern Grocers,"$70,000.00
            -
            $100,000.00","Jacksonville, FL","Actively Hiring
           +6Â benefits",2023-01-31
723,Jr Embedded Software Engineer,"Macro-Blue, Inc.","$100,000.00
            -
            $150,000.00","Moorpark, CA",Actively Hiring,2023-01-27
724,Staff Software Engineer - Backend,eBay,,"San Francisco, CA",Actively Hiring,2023-01-24
725,Software Engineer,"Fast Enterprises, LLC","$86,000.00
            -
            $96,000.00","Jackson, MS","Actively Hiring
           +7Â benefits",2023-01-24
726,Software Engineer (Senior Developer/Business Analyst),EdvenSoft Solutions,,"Irving, TX",Be an early applicant,2023-01-29
727,Software Engineer,Vaco,,"Brookfield, WI",Actively Hiring,2023-01-26
728,Web Developer,CCS Global Tech,,"Texas, United States",Be an early applicant,2023-01-30
729,Software Engineer (US Remote),Motorola Solutions,,"Illinois, United States",Actively Hiring,2023-01-23
730,Software Engineer,Apex Systems,"$60.00
            -
            $80.00",United States,Actively Hiring,2023-01-24
731,Software Quality Assurance Engineer,Bractlet,,"Texas, United States",Actively Hiring,2023-01-24
732,Software Engineer,Global Systems Search Inc,"$90,000.00
            -
            $130,000.00","Jersey City, NJ",Actively Hiring,2023-01-23
733,Senior Software Engineer - CK Money,Credit Karma,,"Charlotte, NC",Actively Hiring,2023-02-01
734,Entry Level Software Engineer,Revature,,"Queens, NY",Be an early applicant,2023-02-01
735,"Software Engineer, Back-End (Data Engineering)",Grammarly,,"Texas, United States",Actively Hiring,2023-01-26
736,Software Engineer,"Discovery MachineÂ®, Inc.",,"Charleston, SC",Be an early applicant,2023-02-01
737,Software Engineer,Mingo Smart Factory,"$80,000.00
            -
            $120,000.00","St Louis, MO",Be an early applicant,2023-01-31
738,Full-Stack Software Engineer,Found,"$130,000.00
            -
            $200,000.00","Seattle, WA",Be an early applicant,2023-01-10
739,SOFTWARE ENGINEER,Okuma America Corporation,,"Charlotte, NC",Be an early applicant,2023-01-27
740,Software Engineer (.NET),LHH,"$85,000.00
            -
            $115,000.00","Tennessee, United States",Actively Hiring,2023-01-27
741,Software Engineer,EPITEC,"$42.00
            -
            $52.00","Dearborn, MI",Actively Hiring,2023-01-31
742,Entry Level Software Engineer,Revature,,"Seattle, WA",Actively Hiring,2023-02-01
743,Software Engineer - Summer 2023 Start Date,Federal Reserve Bank of Kansas City,,"Kansas City, MO",Actively Hiring,2023-01-26
744,Software Engineer C#,hackajob,"$70,000.00
            -
            $120,000.00","Atlanta, GA",Actively Hiring,2023-01-27
745,Associate Software Engineer,Yellowbrick Data,,"Mountain View, CA",Actively Hiring,2023-02-01
746,Software Engineer - Level 2,Lockheed Martin,,"Fort Worth, TX",Be an early applicant,2023-01-10
747,Software Engineer,Digi International,,"Sandy, UT",Actively Hiring,2023-01-23
748,"Software Engineer, Full-stack",DApp360 Workforce,,"Florida, United States",Be an early applicant,2023-01-10
749,Senior Software Engineer,The New York Times,,"New York, NY",Be an early applicant,2023-01-24
750,"Senior Software Engineer, Web",Crunchyroll,,United States,Actively Hiring,2023-02-01
751,Web Developer,"Community Bank, N.A.",,"Woburn, MA",Be an early applicant,2023-01-28
752,Software Development Engineer,Caden,,"New York, NY",Be an early applicant,2023-01-25
753,Embedded Software Engineer,"Skyline Products, Inc.",,"Colorado Springs, CO",Be an early applicant,2023-01-28
754,"Software Engineer, DoD Program",MAINSAIL Group,,"Bedford, MA",Be an early applicant,2023-01-31
755,Programmer/Software Engineer,Bonaventure Senior Living,,"Salem, OR",Be an early applicant,2023-01-31
756,Entry Level Software Engineer,Revature,,"Long Lake, NY",Be an early applicant,2023-02-01
757,Software Engineer - Controls,Reach Velocity - Emerging Technology ðŸ‡ºðŸ‡¸ ðŸ‡¬ðŸ‡§ ðŸ‡ªðŸ‡º,,San Francisco Bay Area,Actively Hiring,2023-01-24
758,Software Engineer - Job matching - Remote | WFH,Get It Recruit - Information Technology,,"Austin, TX",Be an early applicant,2023-01-30
759,Software Engineer,Robert Half,"$85,000.00
            -
            $120,000.00",Des Moines Metropolitan Area,Actively Hiring,2023-01-26
760,Software Engineer,CFSB,,"New York, NY",Be an early applicant,2023-01-28
761,Software Engineer,"Lowe's Companies, Inc.",,"Charlotte, NC",Be an early applicant,2023-01-31
762,Software Engineer,LHH,"$90,000.00
            -
            $105,000.00","Florida, United States",Actively Hiring,2023-01-27
763,"Application Software Engineer, Data",SpaceX,,"Hawthorne, CA",Actively Hiring,2023-01-26
764,Entry Level Software Engineer,Revature,,"Hollywood, FL",Be an early applicant,2023-02-01
765,Software Engineer III,Vertex Inc.,,United States,Actively Hiring,2023-02-01
766,Senior Software Engineer,CarMax,,Dallas-Fort Worth Metroplex,Actively Hiring,2023-02-01
767,Software Engineer,"Sapphire Digital, part of Zelis",,United States,Actively Hiring,2023-01-25
768,Embedded Software Engineer,Caterpillar Inc.,,"Illinois, United States",Actively Hiring,2023-01-26
769,Software Engineer (Senior Developer/Business Analyst),EdvenSoft Solutions,,"Irving, TX",Be an early applicant,2023-01-29
770,Senior Front End Software Engineer (React),Cvent,"$130,000.00
            -
            $150,000.00","Tysons Corner, VA",Actively Hiring,2023-01-23
771,Entry Level Software Engineer,Revature,,"Tampa, FL",Be an early applicant,2023-02-01
772,Java Software Engineer,engenium,"$120,000.00
            -
            $140,000.00",United States,Actively Hiring,2023-01-27
773,Junior Software Engineer,SynergisticIT,,"Roswell, NM",Be an early applicant,2023-02-01
774,Software Engineer,Engineering and Architecture,"$110,000.00
            -
            $110,000.00","Dallas, TX",Actively Hiring,2023-01-28
775,Software Engineer,Robert Half,"$90,000.00
            -
            $120,000.00","Charlotte, NC",Actively Hiring,2023-01-23
776,Software Engineer-1,Procore Technologies,,"Austin, TX",Actively Hiring,2023-02-01
777,Senior Software Engineer,FLIP,,United States,"Actively Hiring
           +1Â benefits",2023-01-23
778,Java Software Engineer,Gryphon.ai,,United States,Actively Hiring,2023-01-25
779,"Software Engineer, Tools Application Framework (Core)",The Walt Disney Company,,"Emeryville, CA",Actively Hiring,2023-01-27
780,Software Engineer - Backend,Telestream,,"Las Vegas, NV",Be an early applicant,2023-01-24
781,Software Development Engineer,Caden,,"New York, NY",Be an early applicant,2023-01-25
782,"Software Engineer II, Backend (Remote)",BioSpace,,San Francisco Bay Area,Be an early applicant,2023-01-31
783,"Software Engineer, Full Stack",Convergent Energy and Power,,"New York, NY",Be an early applicant,2023-01-26
784,Software Engineer,Latitude Inc,,United States,Be an early applicant,2023-01-10
785,"Software Engineer, Machine Learning Group",Qualcomm,,San Diego Metropolitan Area,Actively Hiring,2023-01-31
786,Associate Software Engineer (Full Stack - React),U.S. Bank,,"Irving, TX",Actively Hiring,2023-01-31
787,"Software Engineer, Cloud and Backend",ThoughtForge,,"Berkeley, CA",Actively Hiring,2023-01-30
788,Software Engineer,"TDI Technologies, Inc",,"Moorestown, NJ",Be an early applicant,2023-01-26
789,Software Engineer,Aureon Consulting,,"Iowa, United States",Actively Hiring,2023-01-26
